{"loss": 1.350329374655699, "accuracy": 75.16025641025641, "_step": 17, "_runtime": 476, "_timestamp": 1610463233}