{"loss": 0.4707540854429587, "accuracy": 81.08974358974359, "_step": 2, "_runtime": 142, "_timestamp": 1610952439}