{"loss": 0.4249994815924229, "accuracy": 82.6923076923077, "_step": 2, "_runtime": 177, "_timestamp": 1610955038}