{"loss": 0.8807287949782151, "accuracy": 77.40384615384616, "_step": 12, "_runtime": 1047, "_timestamp": 1610952169}