{"loss": 9.64281825592164e+24, "accuracy": 37.66025641025641, "_step": 7, "_runtime": 4135, "_timestamp": 1610392516}