{"loss": 1.2719269776955628, "accuracy": 80.44871794871794, "_step": 5, "_runtime": 909, "_timestamp": 1610782279}