{"loss": 1.7936473748622797, "accuracy": 76.92307692307692, "_step": 1, "_runtime": 104, "_timestamp": 1610463549}