{"loss": 0.7945237622524683, "accuracy": 71.7948717948718, "_step": 1, "_runtime": 1606, "_timestamp": 1610517577}