{"loss": 1.9411351130558894, "accuracy": 76.6025641025641, "_step": 0, "_runtime": 81, "_timestamp": 1610950214}