{"loss": 2.8667058700170274, "accuracy": 76.6025641025641, "_step": 37, "_runtime": 2248, "_timestamp": 1610954777}