{"loss": 0.9164124513283755, "accuracy": 80.92948717948718, "_step": 8, "_runtime": 533, "_timestamp": 1610781285}