{"loss": 1.0180045885917468, "accuracy": 75.64102564102564, "_step": 2, "_runtime": 268, "_timestamp": 1610956279}