{"loss": 0.5366291143955328, "accuracy": 79.96794871794872, "_step": 5, "_runtime": 466, "_timestamp": 1609084797}