{"loss": 2.127280993339343, "accuracy": 78.52564102564102, "_step": 10, "_runtime": 784, "_timestamp": 1610951085}