{"loss": 0.7839137548819567, "accuracy": 79.96794871794872, "_step": 0, "_runtime": 887, "_timestamp": 1610461154}